refcode,status,error,full_atom_count,reference_asymmetric_atom_count,reduced_atom_count,reexpanded_atom_count,detected_space_group,detected_hall_number,detected_symmetry_operation_count,pdd_to_full,pdd_to_t1_expansion,max_site_displacement_to_full_angstrom,max_site_displacement_to_t1_expansion_angstrom
ABALAS,ok,,84,21,21,84,P 2_1/c,81,1,0,2.60109394341e-15,0,1.79491024365e-15
ABEGEU,ok,,28,14,14,28,P -1,2,0,0,2.22044604925e-15,0,1.63957736277e-15
ABENEB,ok,,64,16,16,64,P 2_1/c,81,1,1.38777878078e-15,2.38697950294e-15,0,1.11817754689e-15
ABEROP,ok,,72,18,18,72,P 2_1/c,81,1,1.7763568394e-15,2.02307306709e-15,0,3.83360010403e-16
ABEWAG,ok,,72,9,9,72,P 4_2/n,361,3,1.38161087509e-15,1.62832710278e-15,0,0
ABINOS02,ok,,80,20,20,80,P 2_12_12_1,115,3,1.68753899743e-15,1.86517468137e-15,0,0
ABORER01,ok,,54,27,27,54,P -1,2,0,0,1.69411809684e-15,0,1.51878509769e-15
ABOVIY03,ok,,64,32,32,64,P -1,2,0,0,2.91433543964e-15,0,3.03360166474e-15
ABUMIT,ok,,48,12,12,48,P 2_1/c,81,1,1.70234197109e-15,2.29446091756e-15,0,4.38482583576e-16
ACAMOX,ok,,34,17,17,34,P -1,2,0,0,1.88084841819e-15,0,1.34758870729e-15
ACDHAL01,ok,,64,16,16,64,P 2_1/c,81,1,0,1.60982338571e-15,0,4.25914858937e-16
ACENAP03,ok,,88,44,24,88,P mc2_1,128,3,1.3726393759e-15,1.99840144433e-15,0,0
ACETAC07,ok,,32,8,8,32,P na2_1,164,3,8.881784197e-16,1.33226762955e-15,0,0
ACETPH,ok,,68,17,17,68,P 2_1/c,81,1,0,1.88084841819e-15,0,2.08313158592e-15
ACIQUB,ok,,52,13,13,52,P 2_1/c,81,1,0,2.1179639239e-15,0,0
ACIRAI,ok,,32,16,16,32,P -1,2,0,0,2.52575738102e-15,0,2.42753077106e-15
ACMCPY,ok,,42,21,21,42,P -1,2,0,0,2.53765262771e-15,0,1.73622324039e-15
ACNAQU01,ok,,80,20,20,80,P 2_12_12_1,115,3,0,1.84297022088e-15,0,0
ACSKAT01,ok,,96,24,24,96,P 2_1/c,81,1,0,1.88737914186e-15,0,7.97184540602e-16
ACUWAZ,ok,,60,30,30,60,P 2_1,6,1,0,1.22864681392e-15,0,3.27787796905e-16
ACYMPZ,ok,,64,16,16,64,P 2_1/c,81,1,0,1.94289029309e-15,0,1.69775304926e-15
ADADUG,ok,,88,44,44,88,P -1,2,0,0,2.72509287863e-15,0,3.14346577302e-15
ADAHET,ok,,80,20,20,80,P 2_12_12_1,115,3,1.59872115546e-15,1.99840144433e-15,0,0
ADAMAN08,ok,,52,26,7,52,P -42_1c,391,7,1.366428338e-15,2.049642507e-15,0,6.97261119368e-32
ADAREE,ok,,72,18,18,72,P na2_1,164,3,1.52964061171e-15,1.75168521663e-15,0,0
ADIGEA,ok,,50,25,25,50,P -1,2,0,0,2.23820961764e-15,0,1.82298620643e-15
ADIVIT,ok,,88,22,22,88,P ca2_1,143,3,0,2.0993308102e-15,0,0
ADIVUF,ok,,120,30,30,120,P 2_12_12_1,115,3,0,1.71714494475e-15,0,0
ADOXID,ok,,68,17,17,68,P 2_1/c,81,1,0,2.14207736516e-15,0,1.77902137466e-15
AFAPUT,ok,,80,20,20,80,P 2_12_12_1,115,3,1.15463194561e-15,1.82076576039e-15,0,0
AFEPAD,ok,,96,24,24,96,P 2_1/c,81,1,0,1.86887542479e-15,0,5.47978329379e-16
AFEWAK,ok,,36,18,18,36,P -1,2,0,0,2.96059473233e-15,0,1.69997349531e-15
AFIGOO,ok,,36,9,9,36,C c,39,1,1.57898385724e-15,2.26978929479e-15,0,1.10401582607e-15
AFIGUS,ok,,76,19,19,76,P 2_1/c,81,1,0,2.01008800248e-15,0,6.5011329653e-16
AFIMEJ,ok,,88,22,22,88,P 2_1/c,81,1,0,1.63505572718e-15,0,4.76879646882e-16
AGAKUP,ok,,216,27,27,216,C 2/c,90,1,0,1.51319286319e-15,0,2.19288476266e-16
AGAKUP01,ok,,108,27,27,108,P 2_1/c,81,1,0,2.13820730669e-15,0,2.3565355573e-15
AGIDOL,ok,,46,23,23,46,P -1,2,0,0,2.39422008789e-15,0,1.6607296587e-15
AHCHEX01,ok,,72,18,18,72,P 2_1/c,81,1,0,1.92438657602e-15,0,7.36410932234e-16
AHEJAZ07,ok,,80,20,20,80,P 2_12_12_1,115,3,0,1.86517468137e-15,0,0
AHEJAZ08,ok,,80,20,20,80,P 2_12_12_1,115,3,0,1.86517468137e-15,0,0
AHIVEU,ok,,112,28,28,112,P 2_1/c,81,1,0,2.09356341786e-15,0,2.22459758803e-15
AHUGUH,ok,,76,19,19,76,P 2_1/c,81,1,0,1.96334176986e-15,0,1.76006431651e-16
AHUHAO,ok,,116,29,29,116,P 2_1/c,81,1,0,1.89886420763e-15,0,1.06619157947e-15
AJAQAE,ok,,64,16,16,64,P 2_1/c,81,1,0,1.66533453694e-15,0,1.336881994e-16
AJEVOB,ok,,80,20,20,80,P 2_1/c,81,1,0,2.0872192863e-15,0,0
AJIVIZ,ok,,52,13,13,52,P 2_1/c,81,1,0,2.6645352591e-15,0,2.88849851978e-15
AJOQUL03,ok,,72,18,18,72,P 2_1/c,81,1,0,2.46716227694e-15,0,2.17056808049e-15
AJOYEF,ok,,92,23,23,92,P 2_12_12_1,115,3,1.58327457425e-15,1.93082265152e-15,0,0
AKEFIH,ok,,92,23,23,92,P 2_12_12_1,115,3,1.62189102728e-15,1.81497329243e-15,0,0
AKEFUT,ok,,136,34,34,136,P 2_12_12_1,115,3,0,1.7763568394e-15,0,0
AKETAN,ok,,232,29,29,232,P bca,290,3,1.42414815573e-15,1.71510315528e-15,0,0
AKOVOL,ok,,48,12,12,48,P 2_1/c,81,1,0,2.29446091756e-15,0,7.97473198588e-16
AKOVOL02,ok,,96,24,24,96,P 2_1/c,81,1,0,1.88737914186e-15,0,0
AKOXUV,ok,,38,19,19,38,P -1,2,0,0,3.22549005049e-15,0,2.30409553678e-15
AKOYAA,ok,,100,25,25,100,P 2_1/c,81,1,0,1.61648472385e-15,0,1.13542508728e-16
AKOZOR,ok,,120,30,30,120,P 2_1/c,81,1,0,1.68753899743e-15,0,0
AKUNUQ,ok,,88,22,22,88,P 2_1/c,81,1,0,2.32137541513e-15,0,1.34096087971e-15
AMBACO05,ok,,136,17,17,136,P bca,290,3,1.61961947122e-15,1.7763568394e-15,0,0
AMBACO08,ok,,68,17,17,68,P 2_1/c,81,1,0,2.08983157577e-15,0,1.45150558239e-15
AMBNAC12,ok,,68,17,17,68,P 2_1/c,81,1,0,1.7502339447e-15,0,6.91269264053e-16
AMBNAC18,ok,,34,17,17,34,P c,21,1,0,2.50779789092e-15,0,1.4211520849e-15
AMCLPY,ok,,52,13,13,52,P 2_1/c,81,1,0,1.9129996732e-15,0,1.66806568558e-15
AMCPHO,ok,,48,12,12,48,P 2_1/c,81,1,0,1.88737914186e-15,0,1.94740057413e-17
AMIMZD10,ok,,100,25,25,100,P na2_1,164,3,1.03028696685e-15,1.66977542904e-15,0,0
AMIMZE10,ok,,88,22,22,88,P 2_1/c,81,1,0,1.87728620528e-15,0,8.84292639114e-16
AMITEW,ok,,38,19,19,38,P c,21,1,0,3.58777335326e-15,0,3.88642451554e-15
AMIXPO,ok,,100,25,25,100,P 2_1/c,81,1,0,2.0605739337e-15,0,3.20886527708e-15
AMMEPY01,ok,,64,16,16,64,P 2_1/c,81,1,0,1.49880108324e-15,0,2.87325718773e-16
AMNIFL,ok,,108,27,27,108,P 2_1/c,81,1,0,1.94083432453e-15,0,2.39031017202e-15
AMNPHA,ok,,68,17,17,68,P 2_1/c,81,1,0,1.98533999698e-15,0,1.88515869581e-15
AMNTPY,ok,,60,15,15,60,P 2_1/c,81,1,0,2.13162820728e-15,0,3.21365156708e-15
AMPHOL01,ok,,60,15,15,60,P na2_1,164,3,1.18423789293e-15,1.42108547152e-15,0,0
AMPYRE,ok,,52,13,13,52,P 2_12_12_1,115,3,1.0248212535e-15,1.5713925887e-15,0,0
AMPYRM11,ok,,96,12,12,96,P bca,290,3,1.7763568394e-15,1.7763568394e-15,0,0
AMTHTZ,ok,,32,8,8,32,P 2_1/c,81,1,0,1.55431223448e-15,0,4.19664303308e-16
AMUVEL,ok,,176,22,22,176,P bca,290,3,1.7763568394e-15,1.8571003321e-15,0,0
ANLINT20,ok,,64,16,16,64,P 2_1/c,81,1,0,2.38697950294e-15,0,2.11069826746e-15
ANTCEN16,ok,,48,24,12,48,P 2_1/c,81,1,1.33226762955e-15,2.44249065418e-15,0,1.38217674616e-15
ANTZOL10,ok,,88,22,22,88,P 2_1/c,81,1,0,2.54342002005e-15,0,1.29007915461e-15
APATER,ok,,40,20,20,40,P -1,2,0,0,2.39808173319e-15,0,1.60382818137e-15
APINIY,ok,,58,29,29,58,P -1,2,0,0,2.48077420675e-15,0,2.2665743052e-15
APMCOX,ok,,56,14,14,56,P 2_1/c,81,1,0,1.90323947079e-15,0,4.18554080284e-16
APOXOS01,ok,,104,26,26,104,P 2_1/c,81,1,0,1.67387471405e-15,0,3.52190498987e-16
APUHOJ,ok,,112,28,28,112,P 2_12_12_1,115,3,9.83340393239e-16,1.52259157663e-15,0,0
APUREK,ok,,64,16,16,64,P 2_1/c,81,1,0,1.60982338571e-15,0,6.01568794778e-16
APYRCX,ok,,60,15,15,60,P 2_1/c,81,1,0,1.53950926081e-15,0,0
AQEZUR,ok,,96,24,24,96,P 2_1/c,81,1,1.62832710278e-15,1.81336427355e-15,0,5.1756376962e-16
AQIGOW,ok,,88,22,22,88,P 2_12_12_1,115,3,1.5341263613e-15,1.89747207845e-15,0,0
AQIGUC,ok,,120,30,30,120,P 2_12_12_1,115,3,8.881784197e-16,1.56911520814e-15,0,0
AQOTUY,ok,,64,16,16,64,P 2_12_12_1,115,3,9.43689570931e-16,1.66533453694e-15,0,0
AQOZUB01,ok,,36,18,18,36,P -1,2,0,0,2.73855012741e-15,0,1.63360436289e-15
AQUSEM,error,ValueError: PDD comparison requires matching element counts in the explicit unit cell.,,,,,,,,,,,
ARIDUB,ok,,80,20,20,80,P 2_12_12_1,115,3,0,1.82076576039e-15,0,0
ASATET,ok,,64,16,16,64,P 2_12_12_1,115,3,9.43689570931e-16,1.66533453694e-15,0,0
ASIBOT,ok,,108,27,27,108,P 2_1/c,81,1,0,1.61187935427e-15,0,4.39981384659e-16
ASOPAB,ok,,58,29,29,58,P -1,2,0,0,2.57265473292e-15,0,2.28229353296e-15
ASUKAB,ok,,92,23,23,92,P 2_1/c,81,1,0,2.12390491667e-15,0,2.54305142328e-15
ASUWAN,ok,,64,16,16,64,P 2_1/c,81,1,0,2.10942374679e-15,0,2.47690756794e-15
ATCPEN,ok,,56,14,14,56,P 2_1/c,81,1,0,1.80807749725e-15,0,1.40586431385e-15
ATCPEN01,ok,,28,14,14,28,P 2_1,6,1,0,1.45915026094e-15,0,2.93148838537e-16
ATDZDX,ok,,56,14,14,56,P 2_1/c,81,1,0,2.09356341786e-15,0,1.75914838252e-15
ATOMAZ,ok,,60,60,30,60,P -1,2,0,0,2.62012633812e-15,0,1.73547944836e-15
ATTDAZ02,ok,,40,10,10,40,P 2_1/c,81,1,0,2.22044604925e-15,0,4.63629135083e-16
AVABII,ok,,100,25,25,100,P 2_1/c,81,1,1.31450406116e-15,1.4921397451e-15,0,5.39152056334e-16
AVIJEW,ok,,46,23,23,46,P 2_1,6,1,0,2.1625213697e-15,0,1.72384329034e-15
AWACAE,error,ValueError: PDD comparison requires matching element counts in the explicit unit cell.,,,,,,,,,,,
AWOBIZ,ok,,52,13,13,52,P 2_12_12_1,115,3,1.7080354225e-15,1.9813210901e-15,0,0
AWODIB,ok,,100,25,25,100,P 2_1/c,81,1,0,1.63424829225e-15,0,5.8025806382e-16
AXOREM,ok,,72,18,18,72,P 2_1/c,81,1,0,2.02307306709e-15,0,4.13580281133e-16
AXORIQ,ok,,120,15,15,120,P bca,290,3,0,1.71714494475e-15,0,0
AXOSOW,ok,,64,8,8,64,P bca,290,3,1.44328993201e-15,1.66533453694e-15,0,0
AXUBUR01,ok,,28,14,14,28,P 2_1,6,1,0,1.33226762955e-15,0,8.56158893781e-17
AXUDED,ok,,144,18,18,144,P bca,290,3,1.82570008494e-15,1.72701359386e-15,0,0
AYAVOM,ok,,84,21,21,84,P 2_1/c,81,1,0,2.36847578587e-15,0,1.566102803e-15
AYOHEB,ok,,144,18,18,144,P bca,290,3,1.72701359386e-15,2.02307306709e-15,0,0
AYOHOL01,ok,,64,16,16,64,P 2_12_12_1,115,3,8.881784197e-16,1.60982338571e-15,0,0
AYOHUR,ok,,18,18,18,18,P 1,1,0,0,2.02307306709e-15,0,4.47442083384e-16
AYOJAZ,ok,,72,18,18,72,P 2_12_12_1,115,3,1.57898385724e-15,1.72701359386e-15,0,0
AYUBUS,ok,,46,23,23,46,P -1,2,0,0,2.43283654092e-15,0,1.93283167249e-15
AYUMUD,ok,,34,17,17,34,P 2_1,6,1,0,1.82860262879e-15,0,0
AYUXAU,ok,,128,32,32,128,P 2_1/c,81,1,0,1.83186799063e-15,0,2.83352131755e-15
AYUZAW,ok,,128,32,32,128,P 2_1/c,81,1,0,1.55431223448e-15,0,1.01926245222e-15
AZANIB,ok,,128,32,32,128,P 2_1/c,81,1,0,1.38777878078e-15,0,1.61010527827e-17
AZAZEI,ok,,60,15,8,60,C 2/c,90,1,1.65793305011e-15,3.07901852163e-15,0,1.08636138753e-15
AZCFOM01,ok,,28,14,7,28,P 2_1/c,81,1,1.39570894524e-15,1.7763568394e-15,0,4.10016465224e-16
AZERUU,ok,,136,17,17,136,C 2/c,90,1,1.67186526061e-15,2.6906581538e-15,0,3.43666944816e-15
AZIBER,ok,,28,14,14,28,P 2_1,6,1,0,1.20538499816e-15,0,4.22928359001e-16
AZPACN,ok,,44,22,11,44,P 2_1/c,81,1,1.7763568394e-15,2.0185873175e-15,0,1.06067932215e-16
AZUDIJ,ok,,96,24,24,96,P 2_1/c,81,1,0,1.66533453694e-15,0,1.00720543017e-15
BACJUN,ok,,40,20,10,40,P 2_1/c,81,1,1.59872115546e-15,2.30926389122e-15,0,2.20376139995e-15
BADAMN10,ok,,50,50,25,50,P -1,2,0,0,1.75859327101e-15,0,1.45012890584e-15
BAFLEZ,ok,,38,19,19,38,P -1,2,0,0,3.08525135264e-15,0,2.45987873875e-15
BAFLUR,ok,,88,22,22,88,P 2_1/c,81,1,0,2.64434938593e-15,0,3.96507404564e-15
BAGFIY,ok,,64,16,16,64,P 2_1/c,81,1,0,1.83186799063e-15,0,2.29127827822e-15
BAGFIY01,ok,,128,16,16,128,P bca,290,3,0,1.47104550763e-15,0,0
BAGRAC,ok,,208,26,26,208,P bcn,284,3,1.7080354225e-15,1.87883896475e-15,0,0
BAGYIR,ok,,56,14,14,56,P ca2_1,143,3,1.01506105109e-15,1.58603289232e-15,0,0
BAHCUI,ok,,184,23,23,184,P bca,290,3,2.20113782274e-15,2.2783707288e-15,0,0
BAKQUA,ok,,52,26,26,52,P 2_1,6,1,0,1.7763568394e-15,0,1.94977367585e-15
BAPBUQ,ok,,108,27,27,108,P 2_1/c,81,1,1.11844689888e-15,1.7763568394e-15,0,1.34114941375e-15
BAPBUQ03,ok,,108,27,27,108,P 2_12_12_1,115,3,0,1.6447748513e-15,0,0
BAPOCM10,ok,,48,48,24,48,P -1,2,0,0,2.40548322002e-15,0,2.15780622344e-15
BAQLUD,ok,,76,19,19,76,P 2_1/c,81,1,0,2.15032670033e-15,0,1.37734268435e-15
BARKAH,ok,,84,21,21,84,P 2_1/c,81,1,1.7763568394e-15,4.18712683573e-15,0,5.73931289168e-15
BASCON01,ok,,112,28,28,112,P 2_1/c,81,1,0,1.61775355017e-15,0,1.27269306205e-15
BAWNIW,ok,,56,14,14,56,P 2_1/c,81,1,0,2.60109394341e-15,0,2.74813505285e-15
BAWNIW02,ok,,84,42,42,84,P 2_1,6,1,0,3.0028889428e-15,0,4.5267123383e-15
BAWVAW,ok,,84,21,21,84,P 2_1/c,81,1,0,2.74912368002e-15,0,3.55782070471e-15
BAYJUG,ok,,120,30,30,120,P 2_1/c,81,1,0,1.89478062869e-15,0,1.99147952408e-15
BAYXAD,ok,,104,26,26,104,C c,39,1,1.38350869223e-15,2.47665136263e-15,0,2.19547813768e-15
BAZOCT,ok,,96,24,24,96,P 2_1/c,81,1,0,1.64683081986e-15,0,1.08402176124e-15
BAZPUO,ok,,52,26,26,52,P -1,2,0,0,3.02322269783e-15,0,3.03909619236e-15
BAZSEA,ok,,64,16,16,64,P 2_1/c,81,1,0,1.55431223448e-15,0,1.72778458207e-16
BCODYN01,ok,,96,24,24,96,P 2_1/c,81,1,0,1.75785312232e-15,0,3.38451489057e-16
BCPROP02,ok,,64,16,5,64,C mce,304,3,1.99840144433e-15,2.10942374679e-15,0,9.99557641137e-32
BCYOAN10,ok,,92,23,23,92,P 2_1/c,81,1,0,2.12390491667e-15,0,7.2541972429e-16
BEBXOV,ok,,76,19,19,76,P 2_1/c,81,1,0,2.24381916556e-15,0,4.24660306919e-16
BEGCOF,ok,,120,30,30,120,P 2_1/c,81,1,0,2.45729362784e-15,0,1.48103751485e-15
BEGPEJ,ok,,48,24,24,48,P c,21,1,0,1.72084568817e-15,0,4.47086812017e-16
BEGPIN,ok,,192,24,24,192,C 2/c,90,1,1.73934940525e-15,1.96139401017e-15,0,1.26498811426e-15
BEJWAR,ok,,76,19,19,76,P 2_12_12_1,115,3,0,1.91659553725e-15,0,0
BEKBOI,ok,,64,16,16,64,P na2_1,164,3,0,1.44328993201e-15,0,0
BEKFEF,ok,,32,16,8,32,P 2_1/c,81,1,1.33226762955e-15,2.22044604925e-15,0,1.17372778163e-15
BEKLIP,ok,,50,25,25,50,P -1,2,0,0,1.31450406116e-15,0,1.61841651192e-15
BELBUP02,ok,,56,14,14,56,P 2_1/c,81,1,0,2.09356341786e-15,0,9.50541006312e-16
BELBUP03,ok,,56,14,14,56,P ca2_1,143,3,1.14194368247e-15,1.52259157663e-15,0,0
BELBUP04,ok,,112,14,14,112,C 2/c,90,1,1.71291552371e-15,1.71291552371e-15,0,3.05844238824e-16
BEMKAI,ok,,64,16,16,64,P 2_1/c,81,1,0,1.60982338571e-15,0,4.09061673423e-16
BENAFP,ok,,64,16,16,64,P 2_1/c,81,1,0,1.44328993201e-15,0,2.68118860447e-16
BENZAC12,ok,,60,15,15,60,P 2_1/c,81,1,0,1.48029736617e-15,0,3.00592883917e-16
BENZEN06,ok,,48,12,6,48,P bca,290,3,1.92438657602e-15,1.7763568394e-15,0,0
BERPIX,ok,,124,31,31,124,P 2_12_12_1,115,3,9.16829336465e-16,1.31794217117e-15,0,0
BESGEL,ok,,92,23,23,92,P 2_12_12_1,115,3,1.73774038637e-15,1.81497329243e-15,0,0
BESKAL04,ok,,68,17,17,68,P 2_1/c,81,1,0,1.51512789243e-15,0,6.17184081619e-16
BESPOF,ok,,72,18,18,72,P 2_1/c,81,1,1.72701359386e-15,2.12175955817e-15,0,1.89117338811e-15
BETBEH10,ok,,80,20,20,80,P 2_1/c,81,1,0,1.68753899743e-15,0,5.26245713672e-17
BETBOR,ok,,72,18,18,72,P 2_1/c,81,1,0,1.7763568394e-15,0,7.04936109486e-16
BETBUX,ok,,72,18,18,72,P 2_1/c,81,1,0,1.92438657602e-15,0,1.04249942012e-15
BETMET,ok,,60,15,15,60,P 2_12_12_1,115,3,1.06581410364e-15,1.42108547152e-15,0,0
BETXOQ,ok,,72,18,18,72,P 2/c,72,1,0,2.36847578587e-15,0,1.61546331867e-15
BEXHOE,ok,,68,17,17,68,P na2_1,164,3,1.46288210304e-15,1.61961947122e-15,0,0
BEYDEO01,ok,,72,18,18,72,P 2_1/c,81,1,0,1.87504333048e-15,0,8.58291215877e-16
BEZSAC,ok,,68,17,17,68,P 2_1/c,81,1,0,1.88084841819e-15,0,0
BEZWIM,ok,,84,21,21,84,P 2_12_12_1,115,3,1.60717999755e-15,1.86094526032e-15,0,0
BIBREL,ok,,64,16,16,64,P 2_1/c,81,1,0,1.7763568394e-15,0,1.56703539034e-15
BICVIS,ok,,72,18,18,72,P 2_1/c,81,1,0,1.94905819879e-15,0,8.93729534823e-16
BIGUAN01,ok,,56,14,14,56,P 2_1/c,81,1,0,2.09356341786e-15,0,2.1932343714e-15
BIJVEY,ok,,48,12,12,48,P 2_1/c,81,1,0,1.99840144433e-15,0,5.73430192219e-16
BIKCII,ok,,48,24,24,48,P -1,2,0,0,2.44249065418e-15,0,9.94064266938e-16
BILHOV,ok,,38,19,19,38,P 2_1,6,1,0,2.10358046771e-15,0,5.78315173527e-16
BIPTID01,ok,,76,19,19,76,P 2_1/c,81,1,0,2.0568342351e-15,0,1.01293973209e-16
BIPYRL04,ok,,40,20,10,40,P 2_1/c,81,1,1.7763568394e-15,1.7763568394e-15,0,3.04545277885e-16
BIRQOL,ok,,136,34,34,136,P 2_1/c,81,1,0,2.11595447046e-15,0,1.9023009162e-15
BIRYIM,ok,,48,24,24,48,P -1,2,0,0,1.73934940525e-15,0,2.51648701877e-15
BITVUV,ok,,48,12,12,48,P 2_1/c,81,1,0,1.85037170771e-15,0,9.4860785893e-16
BIXJAU,ok,,64,16,16,64,P 2_12_12_1,115,3,0,1.60982338571e-15,0,0
BIZQEJ,ok,,124,31,31,124,P 2_1/c,81,1,0,2.82211530131e-15,0,4.27053150123e-15
BNORBN11,ok,,144,36,36,144,P 2_1/c,81,1,0,1.94905819879e-15,0,7.57205409485e-16
BNZQUI03,ok,,24,12,6,24,P 2_1/c,81,1,1.62832710278e-15,1.7763568394e-15,0,7.97001353803e-17
BODCOM,ok,,36,18,9,36,P 2_1/c,81,1,1.48029736617e-15,2.46716227694e-15,0,7.39206078503e-16
BOMSED,ok,,84,21,21,84,P 2_1/c,81,1,0,2.03012210217e-15,0,2.49231746352e-15
BONNEA,ok,,68,17,17,68,P 2_1/c,81,1,0,1.82860262879e-15,0,4.053091196e-16
BONVOS,ok,,40,20,20,40,P -1,2,0,0,3.46389583683e-15,0,2.01144957282e-15
BONWAE,ok,,84,21,21,84,P 2_12_12_1,115,3,1.67062131325e-15,1.94553368125e-15,0,0
BOPHUJ,ok,,144,18,18,144,C 2/c,90,1,0,1.82570008494e-15,0,4.817313215e-16
BOQSIJ,ok,,136,34,34,136,P 2_1/c,81,1,1.63268091857e-15,1.76329539205e-15,0,9.4225738323e-16
BOTYIT,ok,,40,10,10,40,P 2_1/c,81,1,0,2.48689957516e-15,0,1.59827706625e-15
BOTZIU,ok,,76,19,19,76,P 2_1/c,81,1,0,1.86984930463e-15,0,4.28379554052e-16
BOTZOA,ok,,72,18,18,72,P 2_1/c,81,1,0,1.82570008494e-15,0,6.14286399525e-16
BOXQEK,ok,,124,31,31,124,P 2_1/c,81,1,0,1.5328240469e-15,0,9.44577749351e-16
BOXRUE,ok,,200,25,25,200,P bca,290,3,1.26121335597e-15,1.81188397619e-15,0,0
BOZFEC,ok,,104,26,26,104,P 2_1/c,81,1,0,2.69869596755e-15,0,3.33328194868e-15
BOZGED,ok,,68,17,17,68,P 2_1/c,81,1,0,2.92576420607e-15,0,1.35834885007e-15
BUCNEU,ok,,50,25,25,50,P -1,2,0,0,2.30926389122e-15,0,1.50761625406e-15
BUDYEF,ok,,88,22,22,88,P 2_1/c,81,1,0,2.05895906385e-15,0,1.09612319221e-15
BUPQAE01,ok,,64,16,11,64,P nma,292,3,1.60982338571e-15,1.88737914186e-15,0,0
BUPXOC,ok,,60,15,15,60,P 2_1/c,81,1,0,1.7763568394e-15,0,1.25690569064e-15
BURXAN,ok,,96,24,24,96,P 2_1/c,81,1,0,2.23894976633e-15,0,1.32882593817e-15
BUTFUT,ok,,100,25,25,100,P 2_12_12_1,115,3,0,1.63424829225e-15,0,0
BUTSUL10,ok,,56,14,14,56,P na2_1,164,3,1.33226762955e-15,1.71291552371e-15,0,0
BZDMAZ02,ok,,60,15,15,60,P na2_1,164,3,8.881784197e-16,1.48029736617e-15,0,0
BZOXZT,ok,,30,15,15,30,P 2_1,6,1,0,1.48029736617e-15,0,0
BZPHAN01,ok,,120,30,30,120,P 2_12_12_1,115,3,1.42108547152e-15,1.71714494475e-15,0,0
BZTIEP,ok,,84,21,21,84,P 2_1/c,81,1,0,2.32618157541e-15,0,1.61108596156e-15
BZTZAD,ok,,80,20,20,80,P 2_1/c,81,1,0,2.48689957516e-15,0,1.26871593646e-15
CABPYR11,ok,,60,15,15,60,P 2_1/c,81,1,0,2.84217094304e-15,0,3.52497367711e-15
CABYAG,ok,,68,17,17,68,P 2_12_12_1,115,3,1.69798815531e-15,1.98533999698e-15,0,0
CACDOA,ok,,80,20,20,80,P 2_1/c,81,1,1.73194791842e-15,1.90958360236e-15,0,5.34217114989e-16
CACTAD,ok,,116,29,29,116,P 2_1/c,81,1,0,1.92949104969e-15,0,1.24845689342e-15
CAFKEZ,ok,,104,26,26,104,P 2_1/c,81,1,0,1.55431223448e-15,0,1.65631397486e-15
CAFVAG,ok,,64,16,16,64,P ca2_1,143,3,1.05471187339e-15,1.49880108324e-15,0,3.08148791102e-33
CAGJEC01,ok,,56,14,14,56,P 2_1/c,81,1,0,1.64947420801e-15,0,0
CAJWUG02,ok,,64,16,16,64,P 2_1/c,81,1,0,1.49880108324e-15,0,4.04357103356e-16
CAMPQU03,ok,,104,26,26,104,P 2_12_12_1,115,3,9.9066054505e-16,1.46891046335e-15,0,0
CANAPQ01,ok,,160,20,20,160,C 2/c,90,1,1.88737914186e-15,2.44249065418e-15,0,3.05047098692e-15
CANNUA,ok,,34,17,17,34,P -1,2,0,0,1.69798815531e-15,0,1.21286140809e-15
CANRAM,ok,,60,30,30,60,P -1,2,0,0,2.01320441799e-15,0,2.64721577992e-15
CANVAP,ok,,100,25,25,100,P 2_1/c,81,1,0,1.74082970261e-15,0,1.14153131392e-15
CAPMSU,ok,,80,20,20,80,P 2_12_12_1,115,3,1.75415237891e-15,1.90958360236e-15,0,0
CASHOT03,ok,,22,11,11,22,P -1,2,0,0,1.8571003321e-15,0,1.21780363571e-15
CATXEC,ok,,46,23,23,46,P -1,2,0,0,2.97346688334e-15,0,2.41501167076e-15
CAXNUL01,ok,,72,18,18,72,P 2_1/c,81,1,0,2.22044604925e-15,0,8.25672863414e-16
CAXPAT,ok,,34,17,17,34,P c,21,1,0,2.06370868107e-15,0,2.73714384491e-16
CAXPUN,ok,,34,17,17,34,P c,21,1,0,1.64574236591e-15,0,4.13669098975e-16
CBITAZ,ok,,56,14,14,56,P 2_12_12_1,115,3,1.14194368247e-15,1.52259157663e-15,0,0
CDCDOX,ok,,56,14,14,56,P 2_12_12_1,115,3,9.51619735393e-16,1.52259157663e-15,0,0
CEBBIX,ok,,36,18,18,36,P -1,2,0,0,2.56584876802e-15,0,1.63067337411e-15
CEBDES,ok,,52,13,13,52,P 2_1/c,81,1,0,2.5962138422e-15,0,3.40527606113e-15
CEBZIU,ok,,120,30,30,120,P 2_1/c,81,1,0,1.70234197109e-15,0,1.05859765398e-15
CECMOM,ok,,32,16,16,32,P -1,2,0,0,1.88737914186e-15,0,2.27354801652e-15
CEFMUX,ok,,88,22,22,88,P 2_1/c,81,1,0,2.78565049815e-15,0,2.32365238162e-15
CEGPOV,ok,,80,20,20,80,P 2_1/c,81,1,0,2.33146835171e-15,0,1.50436570661e-15
CEHQEM,ok,,24,12,12,24,P -1,2,0,0,2.44249065418e-15,0,6.50268727753e-16
CEJMAF,ok,,64,16,16,64,P 2_1/c,81,1,0,1.49880108324e-15,0,0
CEKGUU01,error,ValueError: PDD comparison requires matching element counts in the explicit unit cell.,,,,,,,,,,,
CELDUS,ok,,120,30,30,120,P 2_12_12_1,115,3,1.15463194561e-15,1.71714494475e-15,0,0
CETLAQ,ok,,64,16,16,64,P 2_1/c,81,1,0,2.60902410787e-15,0,3.51668416559e-15
CEXVAF,ok,,88,22,22,88,P 2_1/c,81,1,0,1.8571003321e-15,0,2.66663080506e-16
CHPDTP,ok,,80,20,20,80,P 2_1/c,81,1,0,2.62012633812e-15,0,2.07236450223e-15
CHPYRD,ok,,48,12,12,48,P 2_1/c,81,1,0,2.29446091756e-15,0,1.48121216402e-15
CHTDZO,ok,,56,14,14,56,P 2_1/c,81,1,0,2.60109394341e-15,0,3.03511980636e-15
CHXIQL,ok,,72,18,18,72,P 2_1/c,81,1,0,2.51650552248e-15,0,3.25761639886e-15
CICVEQ,ok,,84,21,21,84,P 2_1/c,81,1,0,1.86094526032e-15,0,6.35846930663e-16
CIGYIA,ok,,80,10,10,80,P bca,290,3,0,1.95399252334e-15,0,0
CIJNEO,ok,,62,31,31,62,P 2_1,6,1,0,2.07719146543e-15,0,1.40209005059e-15
CIKBOO,ok,,136,34,34,136,P 2_1/c,81,1,0,2.6906581538e-15,0,3.34310357175e-15
CIKBUU,ok,,72,72,36,72,P -1,2,0,0,1.94905819879e-15,0,2.61009304333e-15
CIMHUB,ok,,76,38,38,76,P -1,2,0,0,2.27303556094e-15,0,2.16193729585e-15
CIPWOO,ok,,38,19,19,38,P -1,2,0,0,2.43080409602e-15,0,2.29403163132e-15
CIPZIL,ok,,36,18,9,36,P 2_1/c,81,1,1.48029736617e-15,1.97372982156e-15,0,6.64490684699e-16
CIRXAF,ok,,96,24,24,96,P 2_1/c,81,1,0,1.62832710278e-15,0,2.79504197565e-16
CIWBAL10,ok,,60,15,15,60,P 2_1/c,81,1,0,1.83556873405e-15,0,4.31876756579e-16
CIYNED01,ok,,80,20,20,80,P 2_12_12_1,115,3,1.68753899743e-15,1.99840144433e-15,0,0
CLACET02,ok,,32,8,8,32,P 2_1/c,81,1,0,1.66533453694e-15,0,5.14588371914e-16
CLANAC11,ok,,28,14,7,28,P 2_1/c,81,1,1.14194368247e-15,1.39570894524e-15,0,7.84143583399e-17
CLAZBZ02,ok,,48,24,12,48,P 2_1/c,81,1,1.55431223448e-15,1.7763568394e-15,0,6.77673195337e-17
CLBECN03,ok,,52,13,13,52,P 2_1/c,81,1,1.7763568394e-15,2.9378209267e-15,0,2.86586310239e-15
CLBENQ,ok,,48,12,12,48,P 2_12_12_1,115,3,1.48029736617e-15,1.70234197109e-15,0,0
CLBZAC01,ok,,120,15,15,120,C 2/c,90,1,0,4.4408920985e-15,0,5.28732613247e-15
CLCROT10,ok,,36,9,9,36,P 2_1/c,81,1,0,2.07241631263e-15,0,5.46229728116e-16
CLFORM03,ok,,20,5,4,20,P nma,292,3,1.59872115546e-15,1.95399252334e-15,0,0
CLFULV01,ok,,72,18,9,72,C 2/c,90,1,1.97372982156e-15,2.76322175018e-15,0,3.33022498467e-15
CLMETH03,ok,,20,6,4,20,C mc2_1,176,3,1.42108547152e-15,2.13162820728e-15,0,4.93038065763e-32
CLPSUL02,error,ValueError: PDD comparison requires matching element counts in the explicit unit cell.,,,,,,,,,,,
CLTRZL,ok,,32,8,8,32,P ca2_1,143,3,8.881784197e-16,1.55431223448e-15,0,0
COBFUU,ok,,42,21,21,42,P -1,2,0,0,1.56488578709e-15,0,6.23279206025e-16
COHSAV,ok,,96,24,24,96,P 2_1/c,81,1,0,2.22044604925e-15,0,9.35029831339e-16
COLGAO,ok,,50,25,25,50,P -1,2,0,0,2.22044604925e-15,0,1.70841119029e-15
COMFRN,ok,,68,17,17,68,P 2_1/c,81,1,0,1.98533999698e-15,0,5.6221693967e-16
CONFAM,ok,,40,10,10,40,P 2_1/c,81,1,0,2.30926389122e-15,0,4.59521309892e-16
CONVIL01,ok,,60,15,15,60,P na2_1,164,3,0,1.48029736617e-15,0,0
CORDUI,ok,,22,11,11,22,P -1,2,0,0,4.4408920985e-16,0,2.86548562656e-16
CORYOZ,ok,,64,16,16,64,P 2_1/c,81,1,0,1.94289029309e-15,0,8.22297785419e-16
CORZIT,ok,,44,22,22,44,P -1,2,0,0,2.13970255655e-15,0,2.14174474281e-15
COSNAZ,ok,,88,22,22,88,P 2_1/c,81,1,0,1.8571003321e-15,0,5.89084336866e-16
COTFEX,ok,,52,26,26,52,P -1,2,0,0,2.1862853408e-15,0,1.64950275661e-15
COUMAR01,ok,,68,17,17,68,P ca2_1,143,3,1.72411105001e-15,1.8024797341e-15,0,0
COUMAR13,ok,,34,17,17,34,P 2_1,6,1,0,1.88084841819e-15,0,2.20908846771e-16
COUMAR14,ok,,136,34,34,136,P 2_12_12_1,115,3,2.25793368969e-08,1.88084841819e-15,2.90149090998e-08,0
COVJIG,ok,,60,15,15,60,P 2_1/c,81,1,0,3.43428988951e-15,0,2.72257943436e-15
COWTIT,ok,,84,21,21,84,P 2_1/c,81,1,0,2.53765262771e-15,0,1.52033940992e-15
COXGAX,ok,,80,20,20,80,P 2_1/c,81,1,0,1.53210777398e-15,0,8.22050760796e-17
COXKAE,ok,,272,34,34,272,P bca,290,3,1.67186526061e-15,1.78941828675e-15,0,0
COZXAT,ok,,56,28,28,56,P 2_1,6,1,0,1.3005469717e-15,0,5.32612842719e-16
CRYSEN,error,ValueError: PDD comparison requires matching element counts in the explicit unit cell.,,,,,,,,,,,
CTCDEC,ok,,100,25,25,100,P 2_1/c,81,1,0,2.29150032283e-15,0,2.65175866228e-15
CTHDZO,ok,,36,9,9,36,P 2_1/c,81,1,0,2.46716227694e-15,0,8.82671713498e-16
CTHETO,ok,,48,12,9,48,P nma,292,3,1.48029736617e-15,1.70234197109e-15,0,0
CUBANE,error,ValueError: PDD comparison requires matching element counts in the explicit unit cell.,,,,,,,,,,,
CUBTEB,ok,,232,29,29,232,P bca,290,3,1.5160286819e-15,1.86823736558e-15,0,0
CUGCUF,ok,,120,30,30,120,P 2_1/c,81,1,0,2.60532336445e-15,0,4.5093849888e-15
CUKCIU03,ok,,28,14,7,28,P 2_1/c,81,1,1.26882631386e-15,1.7763568394e-15,0,3.14137604818e-16
CUVWEV,ok,,76,19,19,76,P na2_1,164,3,1.70623749048e-15,1.82310307202e-15,0,0
CUXXAW,ok,,104,26,26,104,P 2_12_12_1,115,3,1.366428338e-15,1.7080354225e-15,0,0
CUZXOK,ok,,80,20,20,80,P 2_1/c,81,1,1.68753899743e-15,1.82076576039e-15,0,0
CYACAC02,ok,,36,10,8,36,P nma,292,3,3.94745964311e-16,1.97372982156e-15,0,0
CYCYPR,ok,,72,12,4,72,R 3c,452,5,5.34725463908e-08,1.99840144433e-15,6.61184647954e-08,0
CYHEXO,ok,,32,16,16,32,P 2_1,6,1,0,1.72084568817e-15,0,3.69149155688e-16
CYTCOD10,ok,,68,17,17,68,P 2_12_12_1,115,3,1.56737368182e-15,1.82860262879e-15,0,0
DACXIQ,ok,,120,30,30,120,P 2_1/c,81,1,0,1.42108547152e-15,0,3.76318420869e-16
DAHXAO,ok,,112,28,28,112,P 2_12_12_1,115,3,1.14194368247e-15,1.55431223448e-15,0,0
DAMTRZ11,ok,,48,12,12,48,P 2_1/c,81,1,0,2.07241631263e-15,0,1.21253386183e-15
DAQNEP,ok,,80,20,20,80,P 2_1/c,81,1,0,1.95399252334e-15,0,9.79216707719e-16
DASKAK01,ok,,100,25,25,100,P 2_1/c,81,1,0,1.72306613422e-15,0,4.83446616073e-16
DASWOM,ok,,46,23,23,46,P -1,2,0,0,1.60258280076e-15,0,8.61066773439e-16
DATLAN,ok,,22,11,11,22,P 2_1,6,1,0,2.0185873175e-15,0,4.26325641456e-16
DATLER,ok,,22,11,11,22,P -1,2,0,0,1.9378438248e-15,0,1.45816692054e-15
DAYFIV,ok,,52,13,13,52,P 2_1/c,81,1,0,1.9129996732e-15,0,4.28690416499e-16
DAZNAP,ok,,128,16,16,128,P bca,290,3,1.49880108324e-15,1.7763568394e-15,0,0
DAZNAQ,ok,,64,16,16,64,P 2_1/c,81,1,0,1.33226762955e-15,0,3.66595642731e-16
DAZNAR,ok,,128,16,16,128,P 4_12_12,369,7,1.22124532709e-15,1.7763568394e-15,0,0
DBTHPS04,ok,,92,23,12,92,C 2/c,90,1,1.62189102728e-15,2.43283654092e-15,0,6.03855020422e-18
DCDHNQ,ok,,80,20,20,80,P 2_1/c,81,1,0,1.79856129989e-15,0,6.43041175863e-16
DCDHNQ01,ok,,80,20,20,80,P 2_1/c,81,1,0,2.35367281221e-15,0,1.56652468775e-15
DCLANT10,ok,,96,24,24,96,P 2_1/c,81,1,0,2.70154269325e-15,0,9.5623509111e-16
DCLBQN,ok,,48,12,12,48,P 2_1/c,81,1,0,2.29446091756e-15,0,5.02986541306e-16
DCLETH02,ok,,16,8,4,16,P 2_1/c,81,1,1.33226762955e-15,1.7763568394e-15,0,5.35016475567e-16
DCPYAZ,ok,,40,10,10,40,P 2_1/c,81,1,0,2.22044604925e-15,0,1.64313007645e-15
DECPYR10,ok,,104,26,26,104,P 2_1/c,81,1,0,1.93008002743e-15,0,2.97845081931e-16
DECZEQ,ok,,84,21,21,84,P 2_1/c,81,1,0,2.28388736494e-15,0,1.52597013906e-15
DEGWAQ,ok,,88,22,22,88,P 2_1/c,81,1,0,1.9378438248e-15,0,3.20021786848e-16
DERBEH,error,ValueError: PDD comparison requires matching element counts in the explicit unit cell.,,,,,,,,,,,
DEWYOV,ok,,224,28,28,224,P bca,290,3,0,1.90323947079e-15,0,0
DEXBEN01,ok,,52,26,26,52,P 2_1,6,1,0,2.44249065418e-15,0,1.95855848986e-15
DFNAPQ,ok,,36,18,18,36,P -1,2,0,0,2.41781903141e-15,0,1.85641986204e-15
DFPSLO,ok,,100,25,25,100,P 2_1/c,81,1,0,2.20268248086e-15,0,2.22109633407e-15
DIMNAP,ok,,96,24,24,96,P 2_1/c,81,1,0,1.60982338571e-15,0,6.86117829218e-16
DIMYON10,ok,,26,13,13,26,P 2_1,6,1,0,1.7763568394e-15,0,0
DIRMIA,ok,,22,11,11,22,P -1,2,0,0,2.1800743029e-15,0,7.77648414548e-16
DITFIX,ok,,152,38,38,152,P 2_1/c,81,1,0,2.33731163079e-15,0,1.80953429466e-15
DITHAN02,ok,,28,14,7,28,P 2_1/c,81,1,1.01506105109e-15,1.39570894524e-15,0,1.87427851017e-16
DIZVOZ,ok,,36,18,18,36,P -1,2,0,0,2.26978929479e-15,0,8.56914539327e-16
DMCTDZ,ok,,36,9,9,36,P 2_1/c,81,1,0,1.97372982156e-15,0,6.91113832829e-16
DMDZCD,ok,,64,32,32,64,P -1,2,0,0,1.949829187e-15,0,4.27125002034e-15
DMEGLY01,ok,,16,16,8,16,P -1,2,0,0,4.55191440096e-15,0,1.99588806743e-15
DMETSO,ok,,40,10,10,40,P 2_1/c,81,1,0,2.6645352591e-15,0,1.30842320544e-15
DMETSO05,ok,,20,10,10,20,P -1,2,0,0,0,0,0
DMITDZ,ok,,68,17,17,68,P 2_1/c,81,1,0,2.45555210152e-15,0,1.7613371401e-15
DMSULO04,ok,,44,11,5,44,C mcm,298,3,1.3726393759e-15,2.1800743029e-15,0,9.86076131526e-32
DNBENZ11,ok,,64,16,16,64,P na2_1,164,3,9.43689570931e-16,1.44328993201e-15,0,0
DOHGOW,ok,,48,12,12,48,P 2_1/c,81,1,0,2.88657986403e-15,0,1.85418347343e-15
DOJFAL,ok,,80,20,20,80,P ca2_1,143,3,1.68753899743e-15,1.99840144433e-15,0,0
DOKVIJ,ok,,80,20,20,80,P 2_1/c,81,1,0,2.0872192863e-15,0,2.91439095079e-16
DOKWUW,ok,,64,16,16,64,P 2_1/c,81,1,0,2.58126853225e-15,0,3.42235129125e-15
DOQQEH,ok,,112,14,14,112,C 2/c,90,1,1.7763568394e-15,3.67959631019e-15,0,3.84751926786e-15
DOSZUG,ok,,60,15,15,60,C c,39,1,1.18423789293e-15,2.25005199657e-15,0,1.63979940737e-15
DOXDIS10,ok,,32,8,8,32,P 2_1/c,81,1,0,2.10942374679e-15,0,7.00883795446e-16
DOXJAD,ok,,80,20,20,80,C c,39,1,1.59872115546e-15,1.99840144433e-15,0,1.0594858324e-15
DSCARA01,ok,,28,14,14,28,P -1,2,0,0,2.28388736494e-15,0,1.76219039361e-15
DTENYL02,ok,,32,16,8,32,P 2_1/c,81,1,1.22124532709e-15,1.55431223448e-15,0,4.29323243623e-16
DUBPUO,ok,,128,32,32,128,P 2_12_12_1,115,3,1.19348975147e-15,1.60982338571e-15,0,0
DUCSUQ,ok,,44,11,11,44,P 2_1/c,81,1,0,2.0993308102e-15,0,6.14930328879e-16
DUCTAZ,ok,,92,23,23,92,P 2_1/c,81,1,0,2.58730235304e-15,0,2.223526445e-15
DUJGIZ,ok,,56,14,13,56,P nma,292,3,2.53765262771e-16,1.58603289232e-15,0,0
DUJHEV,ok,,72,18,18,72,P 2_1/c,81,1,0,2.17110280371e-15,0,2.39586128714e-15
DUJQEF,ok,,44,11,6,44,C 2/c,90,1,1.614869854e-15,2.9067657372e-15,0,9.70890035035e-16
DUTREQ,ok,,60,15,15,60,P 2_1/c,81,1,0,1.56911520814e-15,0,4.05420141902e-16
DUTZEY,ok,,26,13,13,26,P -1,2,0,0,1.74219613095e-15,0,1.07507336367e-15
EDOMUI,ok,,42,21,21,42,P -1,2,0,0,2.81256499572e-15,0,2.58137608657e-15
EGIRUJ,ok,,88,22,22,88,P 2_1/c,81,1,0,1.73598509305e-15,0,5.01321206769e-16
ELOBOW,ok,,112,28,28,112,P 2_12_12_1,115,3,1.11022302463e-15,1.55431223448e-15,0,0
ELULIH,ok,,176,22,22,176,C 2/c,90,1,1.614869854e-15,1.97821557115e-15,0,6.05654415509e-16
EPAHEJ,ok,,56,14,14,56,P 2_1/c,81,1,0,1.87151881294e-15,0,1.38535849459e-15
EQIREE,ok,,92,23,23,92,P 2_1/c,81,1,0,2.39422008789e-15,0,3.21294102434e-15
EREFEP,ok,,48,12,12,48,C c,39,1,1.55431223448e-15,2.1834386151e-15,0,1.40458755737e-15
ETIFAP,ok,,104,52,26,104,C 2,9,1,1.33226762955e-15,1.74219613095e-15,0,5.76150238629e-16
EVIGIZ,ok,,76,19,19,76,P 2_1/c,81,1,1.68286437417e-15,2.75802772433e-15,0,2.53188961682e-15
EVOQEL,ok,,60,15,15,60,P 2_1/c,81,1,1.30266168223e-15,1.71714494475e-15,0,4.17665901864e-16
EWAZEK,ok,,34,17,17,34,P -1,2,0,0,2.82127262728e-15,0,1.7651500665e-15
EWUZAZ,ok,,52,13,13,52,P 2_1/c,81,1,0,2.5278924253e-15,0,3.0856244728e-15
EXIQOS,ok,,56,14,14,56,P 2_1/c,81,1,0,2.15700473356e-15,0,2.57665000447e-15
EYAVEF,ok,,104,26,26,104,P 2_1/c,81,1,1.1614640873e-15,2.56205313375e-15,0,3.19411164185e-15
FABPON11,ok,,144,18,18,144,P bca,290,3,1.7763568394e-15,2.02307306709e-15,0,0
FACETC01,ok,,32,8,8,32,P 2_1/c,81,1,0,1.44328993201e-15,0,4.69402294812e-16
FACFOE,ok,,48,12,12,48,P 2_1/c,81,1,1.55431223448e-15,1.92438657602e-15,0,4.15256717901e-16
FADBEU,ok,,100,25,25,100,P 2_12_12_1,115,3,1.31450406116e-15,1.61648472385e-15,0,0
FANJOT,ok,,64,16,16,64,P 2_1/c,81,1,0,2.33146835171e-15,0,1.60361396011e-15
FANJOT01,ok,,64,16,16,64,P 2_1/c,81,1,1.11022302463e-15,1.60982338571e-15,0,4.46986891944e-16
FARMIW,ok,,60,15,15,60,P 2_1/c,81,1,0,1.89478062869e-15,0,3.42083132654e-18
FAVTAX,ok,,88,22,22,88,P 2_1/c,81,1,0,2.0185873175e-15,0,6.6047167735e-16
FBUOFB,ok,,20,10,5,20,P 2_1/c,81,1,1.7763568394e-15,2.30926389122e-15,0,1.73789480143e-15
FEBROU,ok,,108,27,27,108,P 2_1/c,81,1,0,1.99017757007e-15,0,3.44368977778e-15
FEDKIJ,ok,,76,19,19,76,P 2_1/c,81,1,0,2.10358046771e-15,0,1.08571485136e-16
FELPIV,ok,,40,10,10,40,P 2_1/c,81,1,0,2.6645352591e-15,0,8.41327008061e-16
FEMKUD,ok,,76,19,19,76,P na2_1,164,3,1.86984930463e-15,2.01008800248e-15,0,0
FEQYAC,ok,,38,19,19,38,P -1,2,0,0,1.79972995571e-15,0,2.29416485809e-15
FERFOZ,ok,,28,14,7,28,P 2_1/c,81,1,1.52259157663e-15,1.64947420801e-15,0,9.14573972111e-17
FICFON,ok,,192,24,24,192,P bca,290,3,0,1.7763568394e-15,0,0
FIQTIJ,ok,,76,19,19,76,P 2_1/c,81,1,0,1.86984930463e-15,0,9.10838071633e-16
FIRLAU,ok,,80,10,10,80,P bca,290,3,1.46549439251e-15,1.86517468137e-15,0,0
FITZEO01,ok,,104,26,26,104,P 2_1/c,81,1,0,2.4595710084e-15,0,2.16661389918e-15
FIWFOH01,ok,,76,19,19,76,P 2_1/c,81,1,0,2.15032670033e-15,0,1.82254211722e-15
FLUANA,ok,,28,14,7,28,P 2_1/c,81,1,1.26882631386e-15,2.15700473356e-15,0,8.9276393676e-16
FOCJOZ,ok,,50,25,25,50,P 2_1,6,1,0,2.45137243837e-15,0,1.67744603709e-15
FOHXUV,ok,,40,10,10,40,P 2_1/c,81,1,0,2.22044604925e-15,0,6.49702514011e-16
FOMWAF,ok,,52,13,10,52,P nma,292,3,1.1614640873e-15,1.7763568394e-15,0,0
FOQJIH,ok,,108,27,27,108,P 2_1/c,81,1,0,2.73032625315e-15,0,3.37103678305e-15
FORAMO01,ok,,32,8,8,32,P 2_12_12_1,115,3,8.881784197e-16,1.22124532709e-15,0,0
FORMAC02,ok,,20,5,5,20,P na2_1,164,3,1.59872115546e-15,1.7763568394e-15,0,0
FORROU,ok,,56,14,14,56,P 2_1/c,81,1,0,1.52259157663e-15,0,4.33741931261e-16
FOXWEW,ok,,92,23,23,92,P 2_1/c,81,1,0,1.87289797198e-15,0,4.24926760445e-16
FUDTUV,ok,,84,21,21,84,P na2_1,164,3,1.7763568394e-15,1.90323947079e-15,0,0
FULPIM,ok,,48,12,12,48,P 2_12_12_1,115,3,0,1.70234197109e-15,0,4.93038065763e-32
FUMRAM01,ok,,26,13,13,26,P 2_1,6,1,0,1.5030711718e-15,0,4.08950651121e-16
FUNFEA,ok,,68,17,17,68,P 2_1/c,81,1,0,1.8024797341e-15,0,2.08558170733e-16
FURANE10,ok,,36,9,5,36,P 4_12_12,369,7,1.38161087509e-15,1.7763568394e-15,0,0
FURDCB01,ok,,60,15,15,60,P 2_1/c,81,1,0,1.53950926081e-15,0,1.33382194178e-15
FUZNAQ,ok,,68,17,17,68,P 2_1/c,81,1,0,2.82127262728e-15,0,1.98809513232e-15
FUZZAB,ok,,64,16,16,64,P ca2_1,143,3,1.05471187339e-15,1.33226762955e-15,0,0
GADHAU,ok,,36,9,9,36,P 2_1/c,81,1,0,2.76322175018e-15,0,1.42352796217e-15
GANBEF,ok,,184,23,23,184,C 2/c,90,1,1.56396634773e-15,3.28239850759e-15,0,3.88185938356e-15
GAPPIY,ok,,48,12,12,48,P 2_1/c,81,1,0,2.36847578587e-15,0,1.41673339726e-15
GAXKAU,ok,,52,26,26,52,P -1,2,0,0,3.2111065943e-15,0,2.76727774511e-15
GEHSIW,ok,,76,19,19,76,P 2_1/c,81,1,0,2.50092344495e-15,0,1.18827599311e-15
GEMRIB,ok,,176,22,22,176,P bca,290,3,1.73598509305e-15,1.97821557115e-15,0,0
GETVEH,ok,,44,11,11,44,P 2_1/c,81,1,0,2.6645352591e-15,0,1.21669341269e-15
GEYSEI,ok,,72,18,18,72,P ca2_1,143,3,1.72701359386e-15,1.7763568394e-15,0,0
GIJBUX,ok,,76,19,19,76,P 2_1/c,81,1,0,1.75298372309e-15,0,4.47553105687e-16
GIKSUQ,ok,,80,20,20,80,P 2_1/c,81,1,0,2.975397706e-15,0,3.0856650568e-15
GISXEM,ok,,64,16,16,64,P 2_1/c,81,1,0,1.49880108324e-15,0,3.07125158638e-16
GISZIS,ok,,60,15,15,60,P 2_1/c,81,1,0,1.53950926081e-15,0,4.17554879562e-16
GOCPEW,ok,,96,24,24,96,P 2_1/c,81,1,0,2.05391259556e-15,0,7.35123073525e-16
GOFQEY,ok,,48,12,6,48,P bca,290,3,1.62832710278e-15,1.92438657602e-15,0,0
GOLCOB,ok,,76,19,19,76,P 2_1/c,81,1,0,1.65949125786e-15,0,5.00266494896e-16
GOLYAI,ok,,64,16,16,64,P 2_1/c,81,1,0,2.94209101526e-15,0,2.3404293414e-15
GOMCIU,ok,,76,19,19,76,P 2_1/c,81,1,0,2.19707293294e-15,0,6.30855072436e-16
GOQJUU,ok,,80,20,20,80,P 2_1/c,81,1,0,2.30926389122e-15,0,1.73161485151e-15
GOSJEG,ok,,88,22,22,88,P 2_1/c,81,1,0,1.89747207845e-15,0,1.38012865025e-16
GOTJUW,ok,,60,15,15,60,P 2_1/c,81,1,0,2.60532336445e-15,0,3.24964127484e-15
GOWPUG,ok,,104,26,26,104,P 2_1/c,81,1,0,2.35708888305e-15,0,2.98738811466e-15
GOZXIF,ok,,72,18,18,72,P 2_12_12_1,115,3,0,1.87504333048e-15,0,0
GUFJAS,ok,,52,13,13,52,P 2_1/c,81,1,0,2.1179639239e-15,0,1.67306136024e-15
GUFJIA,ok,,36,18,18,36,P -1,2,0,0,2.31913254033e-15,0,1.68622893426e-15
GUFMAV,ok,,28,14,7,28,P 2_1/c,81,1,1.39570894524e-15,1.90323947079e-15,0,1.13682000913e-15
GUJLAZ,ok,,60,15,15,60,P 2_1/c,81,1,0,2.25005199657e-15,0,1.288960512e-15
GUJZER,ok,,68,17,17,68,P 2_1/c,81,1,0,1.7763568394e-15,0,0
GULDIB,ok,,120,30,30,120,P 2_12_12_1,115,3,0,1.65793305011e-15,0,0
GUMFUS,ok,,72,36,36,72,P -1,2,0,0,2.36847578587e-15,0,2.10786181904e-15
GUNYIY,ok,,100,25,25,100,P 2_1/c,81,1,0,2.34479102801e-15,0,1.33552941584e-15
GUZKAQ,ok,,80,20,20,80,P 2_1/c,81,1,0,2.22044604925e-15,0,2.84254841887e-15
HABVIQ,ok,,108,27,27,108,P 2_1/c,81,1,1.25002888699e-15,1.43095412063e-15,0,3.14442916149e-16
HACMUT,ok,,56,14,14,56,P 2_1/c,81,1,0,1.3639882874e-15,0,5.51791945469e-16
HAKPIW,ok,,100,25,25,100,P 2_12_12_1,115,3,1.03028696685e-15,1.38555833473e-15,0,0
HCCYHD,ok,,72,18,18,72,P 2_1/c,81,1,0,1.82570008494e-15,0,5.34516875206e-16
HCCYHG02,ok,,72,18,18,72,P 2_1/c,81,1,0,2.41781903141e-15,0,1.70984397977e-15
HCLBNZ13,ok,,24,12,6,24,P 2_1/c,81,1,1.7763568394e-15,2.6645352591e-15,0,1.82150163627e-15
HCLTRL,ok,,44,22,22,44,P -1,2,0,0,2.94713748355e-15,0,1.56130305024e-15
HCZCHP,ok,,64,16,16,64,P 2_1/c,81,1,0,1.66533453694e-15,0,6.86006806916e-16
HESDUE,ok,,80,40,20,80,P 2_1/c,81,1,1.66533453694e-15,1.82076576039e-15,0,2.37809771875e-16
HESTUV,ok,,84,21,21,84,P 2_1/c,81,1,0,2.49535841725e-15,0,3.92974541796e-15
HEVZAL,ok,,50,25,25,50,P -1,2,0,0,2.27373675443e-15,0,1.20148335725e-15
HEXANE01,ok,,20,20,10,20,P -1,2,0,0,2.30926389122e-15,0,1.28728088731e-15
HIFCIJ,ok,,160,20,20,160,P bca,290,3,1.7763568394e-15,1.82076576039e-15,0,0
HIGKOY,ok,,60,15,14,60,P nma,292,3,2.36847578587e-16,1.65793305011e-15,0,0
HIHNIV,ok,,60,15,15,60,P 2_1/c,81,1,0,1.53950926081e-15,0,8.33999536098e-16
HIHNIV01,ok,,60,15,15,60,P 2_1/c,81,1,0,1.7763568394e-15,0,8.32889313074e-16
HIMRIH,ok,,40,10,5,40,C 2/c,90,1,2.13162820728e-15,2.6645352591e-15,0,3.40125605632e-16
HOFHEQ,ok,,56,14,14,56,P 2_1/c,81,1,0,1.58603289232e-15,0,2.06532013713e-16
HOJZUB,ok,,56,14,14,56,P 2_1/c,81,1,9.51619735393e-16,1.64947420801e-15,0,8.23896506574e-16
HOLTOS,ok,,60,15,15,60,P 2_1/c,81,1,0,1.65793305011e-15,0,6.39621688947e-16
HOMSAN,ok,,84,21,21,84,P 2_12_12_1,115,3,1.7763568394e-15,1.7763568394e-15,0,0
HTDZDX10,ok,,60,15,15,60,P 2_1/c,81,1,0,2.13162820728e-15,0,1.57554322243e-15
HTIEPO,ok,,68,17,17,68,P 2_1/c,81,1,0,2.24656894395e-15,0,2.53463916522e-15
HUCDIU,ok,,28,14,14,28,P c,21,1,0,2.15700473356e-15,0,1.47120942354e-15
HUGQOQ,ok,,56,14,14,56,P 2_1/c,81,1,0,1.26882631386e-15,0,9.08995101412e-17
HXMTAM10,ok,,44,22,3,44,I -43m,513,23,2.5030482737e-15,1.7763568394e-15,0,1.74315279842e-32
HXQUIN14,ok,,72,18,18,72,P 2_1/c,81,1,0,2.31913254033e-15,0,1.42408620039e-15
HYTHIO,ok,,52,13,13,52,P 2_1/c,81,1,0,1.46891046335e-15,0,6.10622663544e-16
IBUZIP,ok,,88,22,22,88,P 2_1/c,81,1,1.73598509305e-15,2.30118954195e-15,0,4.33597602267e-16
IDAHUR,ok,,56,14,14,56,P ca2_1,143,3,0,1.64947420801e-15,0,0
IFESUH,ok,,64,16,16,64,P 2_1/c,81,1,0,1.83186799063e-15,0,4.55602222615e-16
IFETAO,ok,,64,16,16,64,P 2_1/c,81,1,0,1.60982338571e-15,0,5.61173330027e-16
IFETES,ok,,64,16,16,64,P ca2_1,143,3,0,1.38777878078e-15,0,0
IFEVAQ,ok,,92,23,23,92,P 2_1/c,81,1,0,2.0273637841e-15,0,8.19122547568e-16
IFOVOR,ok,,80,20,20,80,P 2_12_12_1,115,3,0,1.95399252334e-15,0,0
IFUWIR,ok,,40,10,10,40,P 2_12_12_1,115,3,0,1.7763568394e-15,0,0
IGAJIK,ok,,100,25,25,100,P 2_1/c,81,1,0,1.82964754458e-15,0,1.14663833983e-15
IGAMEK,ok,,26,13,13,26,P 2_1/m,60,1,0,1.9813210901e-15,0,8.30824298248e-16
IGINUI,ok,,76,19,19,76,P 2_1/c,81,1,0,2.57104279387e-15,0,1.4056977804e-15
IHERES,ok,,10,5,5,10,P 2_1,6,1,0,1.95399252334e-15,0,1.1739914596e-17
IHULUS,ok,,76,19,19,76,P 2_1/c,81,1,1.7763568394e-15,1.7763568394e-15,0,2.57321941532e-16
IJEPEU,ok,,116,29,29,116,P 2_1/c,81,1,0,1.50071526087e-15,0,4.41513492433e-16
IJESIC,ok,,48,12,12,48,P 2_1/c,81,1,0,2.44249065418e-15,0,9.83708551361e-16
IJIYAD,ok,,108,27,27,108,P 2_1/c,81,1,0,2.94414698382e-15,0,3.83098988252e-15
IKAYEZ,ok,,60,15,15,60,P 2_1/c,81,1,0,1.62832710278e-15,0,8.07898192789e-16
IKESIC,ok,,64,16,16,64,P 2_1/c,81,1,0,1.94289029309e-15,0,1.50897072615e-15
IKIGEO,ok,,60,15,15,60,P 2_1/c,81,1,1.12502599829e-15,2.01320441799e-15,0,3.12749826037e-15
ILAMOZ,ok,,56,14,14,56,P na2_1,164,3,0,1.58603289232e-15,0,0
ILAMUF,ok,,56,14,14,56,P 2_1/c,81,1,0,1.90323947079e-15,0,4.25093293899e-16
ILANAM,ok,,28,14,14,28,P -1,2,0,0,2.12528407571e-15,0,2.28450591777e-15
IMAZOL06,ok,,36,9,9,36,P 2_1/c,81,1,0,1.72701359386e-15,0,4.20163903669e-16
INIGEU,ok,,64,16,16,64,P 2_1/c,81,1,0,1.49880108324e-15,0,4.21451762378e-16
IPAPEV,ok,,72,18,18,72,P 2_1/c,81,1,0,2.61519201356e-15,0,3.15463201843e-15
IPRNSO01,ok,,32,16,12,32,P 2_1/m,60,1,5.55111512313e-16,1.7763568394e-15,0,7.44848627221e-16
IPUNEN,ok,,48,12,12,48,P 2_1/c,81,1,0,1.62832710278e-15,0,1.44859124696e-16
IPUVIA,ok,,30,15,15,30,P -1,2,0,0,2.30926389122e-15,0,1.78997012253e-15
ISNICA02,ok,,28,14,14,28,P -1,2,0,0,1.71291552371e-15,0,8.04067923355e-16
ITOBAU,ok,,68,17,17,68,P 2_1/c,81,1,1.51512789243e-15,1.82860262879e-15,0,9.65771906891e-16
IYIXUJ,ok,,92,23,23,92,P 2_1/c,81,1,1.73774038637e-15,1.85358974546e-15,0,4.23538981664e-16
IYIYAQ,ok,,80,20,20,80,P 2_1/c,81,1,1.59872115546e-15,1.99840144433e-15,0,4.92716978329e-16
JARDIQ,ok,,44,11,11,44,P 2_1/c,81,1,0,2.2608177956e-15,0,6.32394137057e-16
JEFTEU,ok,,72,18,17,72,P nma,292,3,1.57898385724e-15,1.82570008494e-15,0,0
JEGTUN,ok,,72,18,18,72,P 2_1/c,81,1,0,2.02307306709e-15,0,8.14537326477e-16
JEHYIF,ok,,24,12,12,24,P 2_1,6,1,0,2.6645352591e-15,0,1.22985637924e-15
JEVVEM,ok,,64,16,16,64,P 2_1/c,81,1,0,2.69229083472e-15,0,2.85123036292e-15
JEWBAP,ok,,92,23,23,92,P 2_1/c,81,1,0,2.54868590001e-15,0,1.7904956932e-15
JIHNOG,ok,,68,17,17,68,P 2_1/c,81,1,0,1.93309420758e-15,0,7.93920484909e-16
JIWWUK,ok,,60,15,15,60,P 2_12_12_1,115,3,9.47390314347e-16,1.48029736617e-15,0,0
JIYYAT,ok,,84,21,21,84,P 2_1/c,81,1,1.7763568394e-15,1.98782789171e-15,0,1.64002145198e-15
JOSLOU,ok,,50,25,25,50,P 2_1,6,1,0,1.63424829225e-15,0,4.38371561273e-16
JUBBIR,ok,,96,24,12,96,C 2/c,90,1,1.70234197109e-15,1.70234197109e-15,0,1.12954090525e-15
JUJPEL,ok,,104,13,13,104,P bcn,284,3,0,1.7080354225e-15,0,0
KABJED,ok,,76,19,19,76,P 2_1/c,81,1,1.72961060678e-15,2.01008800248e-15,0,6.23390228327e-16
KADCIC,ok,,92,23,23,92,P 2_1/c,81,1,1.7763568394e-15,2.35560363486e-15,0,1.44306788741e-15
KIMNAV,ok,,44,11,11,44,P 2_1/c,81,1,0,2.3415612883e-15,0,6.60249632745e-16
KONJIG,ok,,68,17,17,68,P 2_1/c,81,1,0,2.03758578637e-15,0,1.43662859386e-15
KONJUS,ok,,68,17,17,68,P 2_1/c,81,1,0,1.71104960266e-15,0,4.49057457885e-16
KONKAZ,ok,,68,17,17,68,P 2_1/c,81,1,0,1.88084841819e-15,0,3.07309733216e-16
KOZXIJ,ok,,136,34,34,136,P 2_1/c,81,1,0,2.06370868107e-15,0,1.13198339591e-15
KUFVAI03,ok,,80,20,20,80,P 2_12_12_1,115,3,1.64313007645e-15,1.86517468137e-15,0,0
KUGKIJ,ok,,144,36,36,144,P 2_1/c,81,1,0,1.97372982156e-15,0,1.68072222806e-15
KUSJAL,ok,,112,14,14,112,P 4_2/n,361,3,1.71291552371e-15,1.90323947079e-15,0,0
KUSQOG,ok,,160,20,20,160,P bca,290,3,1.82076576039e-15,1.99840144433e-15,0,0
KUXPUP,ok,,60,15,15,60,P 2_1/c,81,1,0,1.36187357687e-15,0,4.22328838567e-16
KUXPUP01,ok,,60,15,15,60,P na2_1,164,3,0,1.56911520814e-15,0,0
LAPLAR01,ok,,64,16,16,64,P 2_1/c,81,1,0,1.83186799063e-15,0,4.24738022531e-16
LEJDAH,ok,,88,22,22,88,P 2_12_12_1,115,3,1.49375461495e-15,1.9378438248e-15,0,0
LEJDEL,ok,,88,22,22,88,P 2_12_12_1,115,3,0,1.8571003321e-15,0,0
LELVIK,error,ValueError: PDD comparison requires matching element counts in the explicit unit cell.,,,,,,,,,,,
LEVMUU,ok,,60,15,15,60,P 2_1/c,81,1,0,2.96059473233e-15,0,3.55493412485e-15
LIDGAH,ok,,54,18,18,54,P 3_2,432,2,6.52728458937e-09,1.52964061171e-15,1.43427902217e-08,0
LIDGEL,ok,,54,18,18,54,P 3_2,432,2,8.48159073838e-09,1.52964061171e-15,1.6334670802e-08,0
LINRUV,ok,,48,24,24,48,P -1,2,0,0,2.46099437125e-15,0,1.645236747e-15
LIQJUS,ok,,60,15,15,60,P 2_12_12_1,115,3,1.36187357687e-15,1.65793305011e-15,0,0
LIQWEN,ok,,48,12,12,48,P 2_1/c,81,1,1.25825276124e-15,1.48029736617e-15,0,5.84154946637e-16
LIWFUT,ok,,76,19,19,76,P ca2_1,143,3,1.58937190894e-15,1.96334176986e-15,0,0
LOJCOD,ok,,96,24,24,96,P 2_1/c,81,1,0,1.59131966863e-15,0,2.648714581e-16
LOMWOZ,ok,,76,19,19,76,P 2_1/c,81,1,0,2.43080409602e-15,0,1.61781699148e-15
LOTFAE,ok,,200,25,25,200,P bca,290,3,1.40332190313e-15,1.91846538655e-15,0,0
LUZXUA,ok,,56,28,28,56,P -1,2,0,0,1.7763568394e-15,0,7.83928477688e-16
MAJJOX,ok,,34,17,17,34,P -1,2,0,0,2.22044604925e-15,0,1.65261138108e-15
MAKQIZ,ok,,48,24,24,48,P -1,2,0,0,2.62752782495e-15,0,1.49613654798e-15
MALEHY01,ok,,48,12,12,48,P 2_1/c,81,1,0,1.40628249786e-15,0,3.82527343135e-16
MALEHY11,ok,,24,12,12,24,P -1,2,0,0,1.85037170771e-15,0,1.29187771591e-15
MALEHY14,ok,,48,12,12,48,P 2_1/c,81,1,0,2.07241631263e-15,0,7.25491932155e-16
MALIAC12,ok,,48,12,12,48,P 2_1/c,81,1,0,2.03540887848e-15,0,1.41389804105e-15
MALIAC13,ok,,24,12,12,24,P c,21,1,0,2.59052039079e-15,0,9.55370719804e-16
MCBENZ,ok,,96,12,12,96,P bcn,284,3,1.92438657602e-15,2.07241631263e-15,0,0
MECHLF12,ok,,32,8,6,32,P nma,292,3,1.33226762955e-15,1.7763568394e-15,0,0
MEKMOF,ok,,80,20,20,80,P 2_1/c,81,1,0,2.48689957516e-15,0,9.22151244254e-16
MELAMI06,ok,,60,15,15,60,P 2_1/c,81,1,0,1.56911520814e-15,0,5.79147840796e-16
METHOL04,ok,,24,6,6,24,P 2_12_12_1,115,3,8.881784197e-16,1.40628249786e-15,0,0
MEWZIZ,ok,,96,12,12,96,P bca,290,3,1.55431223448e-15,1.99840144433e-15,0,0
MEYCEY,error,ValueError: PDD comparison requires matching element counts in the explicit unit cell.,,,,,,,,,,,
MEYCIC,ok,,88,11,11,88,P bca,290,3,1.7763568394e-15,2.0185873175e-15,0,0
MEYNAF,ok,,32,16,16,32,P 2_1,6,1,0,1.22124532709e-15,0,1.04684663715e-16
MIFSID,ok,,88,22,22,88,P 2_1/c,81,1,1.614869854e-15,2.13970255655e-15,0,1.26332277972e-15
MINSUZ01,ok,,28,14,7,28,P 2_1/c,81,1,1.14194368247e-15,1.64947420801e-15,0,0
MOCVEF,ok,,80,20,20,80,P 2_1/c,81,1,1.73194791842e-15,2.26485497024e-15,0,9.31543731042e-16
MONPEM,ok,,56,14,14,56,P 2_12_12_1,115,3,1.26882631386e-15,1.58603289232e-15,0,0
MOVJAL,ok,,80,20,20,80,P 2_1/c,81,1,0,2.30926389122e-15,0,9.96269733378e-16
MOWDAG,ok,,96,24,24,96,P 2_1/c,81,1,0,2.70154269325e-15,0,3.13216119707e-15
MOWDIO,ok,,44,22,22,44,P -1,2,0,0,2.5837917664e-15,0,1.87235349516e-15
MPYDCY,ok,,28,14,14,28,P -1,2,0,0,2.15700473356e-15,0,2.05169214951e-15
MUCHUP,ok,,52,13,7,52,C 2/c,90,1,1.5030711718e-15,2.732856676e-15,0,1.43155487464e-15
MUMSET,ok,,44,11,11,44,P 2_1/c,81,1,0,1.7763568394e-15,0,5.86969362004e-16
NAFCUV,ok,,96,12,12,96,P bca,290,3,1.85037170771e-15,2.07241631263e-15,0,0
NAFDAC,ok,,48,12,12,48,P 2_1/c,81,1,0,1.62832710278e-15,0,2.8044233602e-16
NAPHTA31,ok,,36,18,9,36,P 2_1/c,81,1,1.03620815632e-15,2.36847578587e-15,0,9.58344514856e-16
NAPOAC01,ok,,84,21,21,84,P 2_1/c,81,1,0,3.97565578342e-15,0,6.88950572806e-15
NAPTYR11,ok,,64,16,16,64,P 2_1/c,81,1,0,1.44328993201e-15,0,5.10841369206e-16
NEFMIW,ok,,84,21,21,84,P 2_1/c,81,1,0,2.19929894402e-15,0,2.37110331369e-15
NIFKIW,ok,,52,13,13,52,P 2_1/c,81,1,0,1.366428338e-15,0,0
NMALAM01,ok,,60,15,15,60,P 2_12_12_1,115,3,9.47390314347e-16,1.30266168223e-15,0,4.93038065763e-32
NOCMEX,ok,,84,21,21,84,P 2_1/c,81,1,1.7763568394e-15,2.49535841725e-15,0,5.11031727246e-15
NOSNOY,ok,,100,25,25,100,P 2_12_12,112,3,0,1.81188397619e-15,0,0
NOTYAZ,ok,,92,23,23,92,P 2_1/c,81,1,0,1.96943910455e-15,0,2.21010709733e-16
NOVSUP,ok,,66,33,33,66,P -1,2,0,0,2.52996277127e-15,0,2.2854189687e-15
NPDTOL02,ok,,120,60,30,120,P 2_1/c,81,1,1.50990331349e-15,2.0872192863e-15,0,3.95639103891e-15
NUQGUD,ok,,76,19,19,76,P 2_1/c,81,1,0,1.82310307202e-15,0,6.41398045786e-16
OCAPUE,ok,,44,11,11,44,P 2_1/c,81,1,1.7763568394e-15,2.6645352591e-15,0,1.11072854618e-15
OCTANE10,ok,,26,26,13,26,P -1,2,0,0,1.4347497549e-15,0,1.02449446827e-15
ODUSEM,ok,,72,18,18,72,P 2_1/c,81,1,0,2.36847578587e-15,0,1.29967199573e-15
OLUCUT,ok,,60,15,15,60,P 2_1/c,81,1,1.12502599829e-15,1.42108547152e-15,0,5.95401505876e-16
OPAJIA,ok,,96,24,24,96,P 2_1/c,81,1,0,2.29446091756e-15,0,1.59949831158e-15
OVUKAS,ok,,108,27,27,108,P 2_1/c,81,1,0,2.7961172472e-15,0,3.22707944239e-15
PADQAN,ok,,18,9,9,18,P -1,2,0,0,2.36847578587e-15,0,1.29740662658e-15
PAHPEV,ok,,48,24,24,48,P -1,2,0,0,2.57201667371e-15,0,1.63116187224e-15
PAWZAQ,ok,,96,24,24,96,P 2_1/c,81,1,0,2.1834386151e-15,0,1.12807541086e-15
PECBII,ok,,72,18,9,72,C 2/c,90,1,1.7763568394e-15,2.96059473233e-15,0,2.46094407517e-15
PENTAN01,ok,,68,17,9,68,P bcn,284,3,1.72411105001e-15,1.88084841819e-15,0,4.93038065763e-32
PERLEN06,ok,,64,32,16,64,P 2_1/c,81,1,9.99200722163e-16,1.55431223448e-15,0,5.41955369471e-16
PFBZAC,ok,,30,15,15,30,P -1,2,0,0,2.36847578587e-15,0,8.96075971089e-16
PHENAN08,ok,,48,24,24,48,P 2_1,6,1,0,1.94289029309e-15,0,4.68569627543e-16
PHENAZ04,ok,,44,22,11,44,P 2_1/c,81,1,1.6956133467e-15,1.9378438248e-15,0,1.96592742085e-16
PHESAZ08,ok,,92,23,13,92,P nma,292,3,1.46742521516e-15,1.62189102728e-15,0,0
PIRPEL,ok,,72,18,18,72,P 2_12_12_1,115,3,0,1.97372982156e-15,0,0
PIWXEY,ok,,44,22,11,44,P 2_12_12,112,3,0,1.5341263613e-15,0,0
PNCLBZ,ok,,48,12,12,48,P ca2_1,143,3,1.7763568394e-15,1.99840144433e-15,0,0
POTLEP,ok,,64,16,16,64,P 2_1/c,81,1,9.99200722163e-16,1.94289029309e-15,0,1.21408969928e-15
POZYUB02,ok,,76,19,19,76,P 2_1/c,81,1,0,1.84647618832e-15,0,0
POZYUB04,ok,,76,19,19,76,P 2_1/c,81,1,0,2.0568342351e-15,0,4.25548485339e-16
PRMDIN01,ok,,40,10,10,40,P na2_1,164,3,1.7763568394e-15,1.7763568394e-15,0,0
PTOXEC,ok,,80,20,11,80,P bcn,284,3,1.7763568394e-15,2.04281036531e-15,0,4.93038065763e-32
PUHBIG,ok,,160,40,40,160,P 2_12_12_1,115,3,1.66533453694e-15,1.93178806285e-15,0,0
PURINE,ok,,52,13,13,52,P na2_1,164,3,1.2297855042e-15,1.5030711718e-15,0,0
PYRAZI01,ok,,20,10,3,20,P nnm,275,3,1.7763568394e-15,1.42108547152e-15,0,0
PYRDNA07,ok,,44,11,11,44,P 2_12_12_1,115,3,1.0496654051e-15,1.65524160035e-15,0,0
PYRENE03,ok,,104,26,26,104,P 2_1/c,81,1,0,2.40832994573e-15,0,1.0873680896e-15
QEKXOT,ok,,40,10,5,40,P bca,290,3,1.59872115546e-15,2.30926389122e-15,0,0
QEKXUZ,ok,,52,13,13,52,P 2_12_12_1,115,3,0,1.5713925887e-15,0,0
QEKYAG,ok,,16,16,8,16,P -1,2,0,0,2.10942374679e-15,0,1.66251843097e-15
QEKYEK,ok,,38,19,10,38,P 2/c,72,1,0,1.86984930463e-15,0,4.48807657705e-16
QIBRAU,ok,,100,25,25,100,P 2_1/c,81,1,1.59872115546e-15,2.0605739337e-15,0,1.4698242623e-15
QICVAZ01,ok,,88,22,22,88,P 2_1/c,81,1,0,2.3415612883e-15,0,1.55453427908e-15
QOFGAV,ok,,108,27,27,108,P 2_1/c,81,1,0,2.20399830074e-15,0,1.27629400684e-15
QORPAR,ok,,72,18,18,72,P 2_12_12_1,115,3,1.52964061171e-15,1.80102846217e-15,0,0
QOTDEL,ok,,92,23,23,92,P 2_1/c,81,1,0,2.12390491667e-15,0,2.65234514278e-15
QUCGAZ,ok,,96,24,24,96,P 2_1/c,81,1,0,1.99840144433e-15,0,0
QUZTAH,ok,,44,22,22,44,P -1,2,0,0,2.5837917664e-15,0,1.23815158221e-15
RAGPEX,ok,,136,17,17,136,C 2/c,90,1,1.67186526061e-15,2.58616657501e-15,0,2.83844059368e-15
RAGPEX01,ok,,68,17,17,68,P 2_1/c,81,1,0,1.85472552349e-15,0,4.17355039417e-16
RAGQIC,ok,,152,19,19,152,C 2/c,90,1,1.91659553725e-15,2.19707293294e-15,0,8.45268299798e-16
REZBIJ,ok,,72,18,18,72,P 2_1/c,81,1,0,1.92438657602e-15,0,1.72978298352e-16
REZDUY,ok,,60,15,15,60,C c,39,1,1.30266168223e-15,2.07241631263e-15,0,2.90902857358e-15
RIQKAE,ok,,88,22,22,88,P ca2_1,143,3,0,1.97821557115e-15,0,0
RIVDOQ,ok,,32,8,6,32,P nma,292,3,1.33226762955e-15,1.88737914186e-15,0,0
RONVAR01,ok,,64,16,16,64,P 2_1/c,81,1,0,1.44328993201e-15,0,4.136413434e-16
RONVEV,ok,,64,16,16,64,P 2_1/c,81,1,0,1.83186799063e-15,0,4.52954496051e-16
SAFGIP,ok,,28,14,14,28,P -1,2,0,0,2.91830052187e-15,0,2.25731455444e-15
SALMID04,error,ValueError: PDD comparison requires matching element counts in the explicit unit cell.,,,,,,,,,,,
SALMID07,ok,,68,17,17,68,P 2_12_12_1,115,3,1.61961947122e-15,1.82860262879e-15,0,0
SAZZUO,ok,,48,12,12,48,P 2_1/c,81,1,0,1.85037170771e-15,0,4.90218976523e-16
SEPNUX,ok,,60,15,15,60,P 2_1/c,81,1,0,1.95399252334e-15,0,4.35045727324e-16
SOBPAB,ok,,96,24,24,96,P 2_1/c,81,1,0,1.68383825401e-15,0,4.55396831356e-16
SUCACB03,ok,,28,14,7,28,P 2_1/c,81,1,1.14194368247e-15,1.52259157663e-15,0,6.06625860655e-16
SUCANH12,ok,,44,11,11,44,P 2_12_12_1,115,3,0,2.0993308102e-15,0,0
SUDYOI,ok,,88,22,22,88,P 2_1/c,81,1,0,2.22044604925e-15,0,7.14911463362e-16
SUFKUC,ok,,96,24,24,96,P 2_1/c,81,1,0,2.14643118094e-15,0,2.56506961203e-15
SUGRUK,ok,,108,27,27,108,P 2_1/c,81,1,0,1.84214783345e-15,0,1.58157931196e-15
TADCOU,ok,,76,19,19,76,P 2_1/c,81,1,0,2.33731163079e-15,0,1.36352531364e-15
TANTOX03,ok,,96,24,24,96,P 2_1/c,81,1,0,2.47949808833e-15,0,2.56568100099e-15
TAVMAH,ok,,46,23,23,46,P -1,2,0,0,2.78038461819e-15,0,1.63056235181e-15
TCCYHX10,ok,,144,18,18,144,C 2/c,90,1,0,3.40468394218e-15,0,2.47536300453e-15
TCHLBZ,ok,,48,12,12,48,P 2_12_12_1,115,3,1.62832710278e-15,1.7763568394e-15,0,0
TCYCPR01,ok,,52,13,13,52,P 2_12_12_1,115,3,1.6397140056e-15,1.7080354225e-15,0,0
TCYETY,ok,,20,10,5,20,P 2_1/c,81,1,1.95399252334e-15,2.84217094304e-15,0,1.55431223448e-15
TCYETY01,ok,,60,10,3,60,I m-3,500,11,1.95399252334e-15,3.01980662698e-15,0,9.86076131526e-32
TECFIQ,ok,,36,18,18,36,P 2_1,6,1,0,1.7763568394e-15,0,8.87845352793e-16
TELPIJ,ok,,44,11,10,44,P nma,292,3,1.614869854e-16,1.614869854e-15,0,0
TELXAJ,ok,,96,12,6,96,F dd2,212,3,1.92438657602e-15,2.6645352591e-15,0,0
TETDAM03,error,ValueError: PDD comparison requires matching element counts in the explicit unit cell.,,,,,,,,,,,
THBZPS10,ok,,96,24,24,96,P 2_1/c,81,1,0,1.96139401017e-15,0,7.79487585589e-16
THIANT05,ok,,88,22,22,88,P 2_1/c,81,1,0,2.422304781e-15,0,3.1809888057e-15
THIEPO10,ok,,60,15,15,60,P 2_1/c,81,1,0,1.71714494475e-15,0,7.53619389116e-16
THPYDO,ok,,56,14,14,56,P 2_1/c,81,1,0,1.45915026094e-15,0,7.30526750203e-16
THTOXB,ok,,24,12,6,24,P 2_1/c,81,1,1.48029736617e-15,2.36847578587e-15,0,6.45250519682e-16
THTOXC,ok,,12,12,6,12,P -1,2,0,0,2.51650552248e-15,0,1.42952316651e-15
TOPTEZ,ok,,92,23,23,92,P 2_1/c,81,1,0,2.04667201061e-15,0,8.76365646718e-16
TOVDIU,ok,,232,29,29,232,P bca,290,3,1.22507368235e-15,1.83761052352e-15,0,0
TOXANO,ok,,96,24,24,96,P ca2_1,143,3,1.70234197109e-15,1.85037170771e-15,0,0
TOXDTH12,ok,,24,12,6,24,P 2_1/c,81,1,1.33226762955e-15,2.07241631263e-15,0,6.1362026571e-16
TOXOCN,ok,,64,16,8,64,C 2/c,90,1,1.66533453694e-15,2.33146835171e-15,0,2.71604960744e-15
TPENAC02,ok,,48,12,12,48,P 2_1/c,81,1,0,1.70234197109e-15,0,7.90756349289e-17
TRAZOL03,ok,,64,8,8,64,P bca,290,3,1.44328993201e-15,1.66533453694e-15,0,0
TRIPHE13,ok,,120,30,30,120,P 2_12_12_1,115,3,9.47390314347e-16,1.50990331349e-15,0,0
TRITAN03,ok,,48,12,8,48,P nma,292,3,1.7763568394e-15,1.92438657602e-15,0,0
TRIZIN01,ok,,54,9,3,54,R -3c,460,5,8.54222550473e-08,2.07241631263e-15,6.01475857347e-08,0
TROXAN,ok,,72,12,4,72,R 3c,452,5,4.47872237075e-08,1.7763568394e-15,6.03566832263e-08,0
UDUXEY,ok,,48,12,12,48,P 2_1/c,81,1,0,2.59052039079e-15,0,1.15139345687e-15
UKUNAR,ok,,112,28,28,112,P 2_1/c,81,1,0,1.80807749725e-15,0,1.26587629268e-15
UMIQEO,ok,,32,16,16,32,P -1,2,0,0,4.71844785466e-16,0,3.88056253797e-16
USUMOL,ok,,68,17,17,68,P 2_1/c,81,1,0,1.7763568394e-15,0,9.43467526326e-16
UTODOX,ok,,80,20,20,80,P 2_1/c,81,1,0,1.90958360236e-15,0,5.02331509722e-16
VAFFUF,ok,,104,26,26,104,P ca2_1,143,3,0,1.7763568394e-15,0,0
VALVAG,ok,,80,20,20,80,P 2_1/c,81,1,1.68753899743e-15,2.13162820728e-15,0,1.12354570092e-15
VAZGIM,ok,,28,14,12,28,P 2_1/m,60,1,2.53765262771e-16,2.15700473356e-15,0,2.40264113964e-15
VEHCET,ok,,72,18,18,72,P 2_1/c,81,1,0,2.29446091756e-15,0,2.46884734878e-15
VEPXOG,ok,,52,13,13,52,P 2_1/c,81,1,0,2.049642507e-15,0,6.77757849843e-16
VINSAN,ok,,64,16,9,64,C 2/c,90,1,1.22124532709e-15,2.55351295664e-15,0,2.68152685137e-15
VINWUM,ok,,64,16,16,64,P 2_1/c,81,1,0,1.72084568817e-15,0,1.07902575763e-15
VINXAT,ok,,76,19,19,76,P 2_1/c,81,1,0,2.0568342351e-15,0,7.61180007913e-16
VINXEX,ok,,38,19,19,38,P -1,2,0,0,2.24381916556e-15,0,1.52373669238e-15
VORKUJ,ok,,36,18,18,36,P -1,2,0,0,2.6645352591e-15,0,1.6547412733e-15
VUCJAH,ok,,92,23,23,92,P 2_1/c,81,1,0,2.49076122046e-15,0,1.75337246883e-15
VUTWAL,ok,,84,21,21,84,P 2_1/c,81,1,0,2.32618157541e-15,0,2.09154951092e-15
WERNUF01,ok,,68,17,17,68,P 2_12_12_1,115,3,1.41063631364e-15,1.88084841819e-15,0,0
WESBEB,ok,,76,19,19,76,P 2_1/c,81,1,0,1.91659553725e-15,0,2.33807417871e-16
WESBEB01,ok,,76,19,19,76,P 2_1/c,81,1,0,2.47755032864e-15,0,1.34025626923e-15
WIXKOF,ok,,60,15,15,60,P 2_1/c,81,1,0,2.36847578587e-15,0,3.03996827711e-15
WOPCEM,ok,,72,18,18,72,P 2_1/c,81,1,0,1.72701359386e-15,0,8.77978245661e-17
WULPEZ,ok,,100,25,25,100,P 2_1/c,81,1,0,2.16715534407e-15,0,1.33512090272e-15
WULPID,ok,,88,22,22,88,P 2_1/c,81,1,0,2.38193303465e-15,0,2.44667619498e-15
XAFVEH,ok,,64,16,16,64,P 2_1/c,81,1,0,2.05391259556e-15,0,1.37977919303e-15
XAGWIM,ok,,104,13,13,104,C 2/c,90,1,1.7080354225e-15,3.0744637605e-15,0,4.11079300954e-15
XAKPAC01,ok,,80,20,20,80,P 2_1/c,81,1,0,1.95399252334e-15,0,7.98783261757e-16
XAPCAS,ok,,18,9,9,18,P -1,2,0,0,2.26978929479e-15,0,6.74127420552e-16
XAXCOQ03,ok,,32,8,8,32,P 2_1/c,81,1,0,1.7763568394e-15,0,2.93182145228e-16
XEZHAM,ok,,176,22,22,176,P bca,290,3,1.81672858575e-15,2.05895906385e-15,0,0
XEZHEQ,ok,,176,22,22,176,C 2/c,90,1,0,1.8571003321e-15,0,7.85618792243e-16
XOGJEK,ok,,60,15,15,60,P 2_1/c,81,1,0,1.53950926081e-15,0,6.49924558616e-16
XOPSED,ok,,144,18,18,144,P bca,290,3,1.72701359386e-15,1.87504333048e-15,0,0
XORSIJ,ok,,264,33,33,264,P bca,290,3,1.50721186373e-15,1.91092932723e-15,0,0
XOYDIB,ok,,88,22,22,88,P 2_1/c,81,1,0,2.03877319068e-15,0,3.15053538813e-16
XOYJED,ok,,140,35,35,140,P 2_12_12_1,115,3,1.57334462918e-15,1.92861599706e-15,0,0
XOZFOK,ok,,104,26,26,104,P 2_12_12_1,115,3,9.9066054505e-16,1.5030711718e-15,0,0
XOZNIM,ok,,172,43,43,172,P 2_1/c,81,1,0,2.58191401076e-15,0,2.12445616654e-15
XUCKEN,ok,,80,20,20,80,P 2_1/c,81,1,0,1.90958360236e-15,0,3.90645849002e-16
XUMBIT,ok,,66,33,33,66,P 2_1,6,1,0,2.46267652735e-15,0,2.09277040142e-15
XUMCIU,ok,,60,30,30,60,P 2_1,6,1,0,1.33226762955e-15,0,0
XUPPEE,ok,,38,19,19,38,P -1,2,0,0,2.61778902648e-15,0,2.83198762241e-15
YAFHUI,ok,,72,18,18,72,P 2_1/c,81,1,0,2.02307306709e-15,0,2.04142258653e-16
YELLIN,ok,,38,19,19,38,P -1,2,0,0,1.63611814155e-15,0,1.2883472067e-15
YICFEX,ok,,120,15,15,120,P bca,290,3,0,1.83556873405e-15,0,0
YICFEX01,ok,,60,15,15,60,P 2_1/c,81,1,0,1.7763568394e-15,0,9.70334923522e-16
YIFGAW,ok,,28,14,14,28,P -1,2,0,0,1.90323947079e-15,0,1.45089751785e-15
YINTUK,ok,,104,52,52,104,P 2_1,6,1,0,1.73365595384e-15,0,1.62980740015e-15
YIQBIK,ok,,76,19,19,76,P 2_1/c,81,1,0,1.91659553725e-15,0,3.74263120495e-16
YOTTOT,ok,,104,26,26,104,P 2_12_12_1,115,3,0,1.67387471405e-15,0,0
ZAPGII,ok,,120,15,15,120,C 2/c,90,1,1.59872115546e-15,1.95399252334e-15,0,5.10175235391e-16
ZAQFAB,ok,,72,18,18,72,P na2_1,164,3,0,2.26978929479e-15,0,0
ZEFPUX,ok,,60,15,15,60,P 2_12_12_1,115,3,9.47390314347e-16,1.24344978758e-15,0,0
ZOBKAC,ok,,84,21,21,84,P 2_1/c,81,1,0,2.62224104864e-15,0,1.98433240385e-15
ZUCMUI,ok,,108,27,27,108,P 2_12_12_1,115,3,1.18423789293e-15,1.52964061171e-15,0,0
ZUCNAP,ok,,60,30,30,60,P -1,2,0,0,2.75335310107e-15,0,1.99034460999e-15
ZUJRII,ok,,92,23,23,92,P 2_1/c,81,1,0,1.62189102728e-15,0,1.51466339471e-16
ZUJSIJ,ok,,38,19,19,38,P -1,2,0,0,2.52429656125e-15,0,1.73690481225e-15
ZUJWEJ,ok,,264,33,33,264,C 2/c,90,1,1.80327133697e-15,3.9564311423e-15,0,3.98215132506e-15
ZUNMOM,ok,,48,24,24,48,P c,21,1,0,1.97989772725e-15,0,2.34173791469e-16
ZZZBLP02,ok,,96,24,24,96,P 2_1/c,81,1,0,1.99840144433e-15,0,1.31887556432e-16
ZZZBLP03,ok,,96,24,24,96,P na2_1,164,3,0,1.99840144433e-15,0,4.93038065763e-32
ZZZDQA01,ok,,36,18,18,36,P -1,2,0,0,2.12175955817e-15,0,8.29857630365e-16
ZZZKPE03,ok,,160,20,20,160,P bca,290,3,1.68753899743e-15,1.73194791842e-15,0,0
ZZZLWW03,ok,,64,16,16,64,P 2_1/c,81,1,0,1.55431223448e-15,0,4.35656510867e-16
